[
  {
    "id": "network-security",
    "slug": "network-security",
    "title": "ネットワークセキュリティ",
    "description": "安全な通信と監視体制を確立するための実践",
    "href": "/proof/network-security/",
    "icon": "🔐",
    "badge": "重要",
    "color": "#0f766e"
  },
  {
    "id": "cloud-security",
    "slug": "cloud-security",
    "title": "クラウドセキュリティ",
    "description": "AWS基盤での脆弱性管理とIAM設計",
    "href": "/proof/cloud-security/",
    "icon": "☁️",
    "badge": "執筆中",
    "color": "#2563eb"
  },
  {
    "id": "os-hardening",
    "slug": "os-hardening",
    "title": "OSハードニング",
    "description": "Linuxサーバをセキュリティベースラインに準拠設定",
    "href": "/proof/os-hardening/",
    "icon": "🐧",
    "badge": "完了",
    "color": "#9333ea"
  },
  {
    "id": "threat-modeling",
    "slug": "threat-modeling",
    "title": "脅威モデリング",
    "description": "STRIDE手法に基づくシステム脅威分析",
    "href": "/proof/threat-modeling/",
    "icon": "💣",
    "badge": "検討中",
    "color": "#f43f5e"
  },
  {
    "id": "logs-siem",
    "slug": "logs-siem",
    "title": "ログ・SIEM分析",
    "description": "収集・検知・相関分析によるアラート対応",
    "href": "/proof/logs-siem/",
    "icon": "📊",
    "badge": "PoCあり",
    "color": "#16a34a"
  },
  {
    "id": "vuln-mgmt",
    "slug": "vuln-mgmt",
    "title": "脆弱性管理",
    "description": "スキャン・分析・リスク評価・対処プロセス構築",
    "href": "/proof/vuln-mgmt/",
    "icon": "🔍",
    "badge": "重要",
    "color": "#dc2626"
  },
  {
    "id": "incident-response",
    "slug": "incident-response",
    "title": "インシデントレスポンス",
    "description": "実際のアラートに基づく対応手順の設計",
    "href": "/proof/incident-response/",
    "icon": "🚨",
    "badge": "実装中",
    "color": "#f59e0b"
  },
  {
    "id": "devsecops",
    "slug": "devsecops",
    "title": "DevSecOps",
    "description": "CI/CDパイプラインにセキュリティ検証を統合",
    "href": "/proof/devsecops/",
    "icon": "⚙️",
    "badge": "準備中",
    "color": "#eab308"
  },
  {
    "id": "ad-security",
    "slug": "ad-security",
    "title": "ADセキュリティ",
    "description": "Active Directory構成に対する最小権限化・監査設定",
    "href": "/proof/ad-security/",
    "icon": "🏰",
    "badge": "完了",
    "color": "#0ea5e9"
  }
]
