[
  {
    "id": "packet-capture",
    "categoryId": "network-security",
    "title": "パケットキャプチャの実践",
    "description": "Wiresharkを用いたネットワーク通信の可視化と分析手法",
    "href": "/proof/network-security/packet-capture",
    "badge": "PoCあり"
  },
  {
    "id": "ad-gpo-hardening",
    "categoryId": "ad-security",
    "title": "GPOを用いたADの強化",
    "description": "グループポリシーによるセキュリティ設定のベースライン構築",
    "href": "/proof/ad-security/ad-gpo-hardening",
    "badge": "実装中"
  }
]
